/*************************************************/
/* script pour créer la base de données greeters */
/*************************************************/

DROP DATABASE IF EXISTS `greeters`;
CREATE DATABASE `greeters`;
USE `greeters`;

/************************************/
/* script pour créer la table admin */
/************************************/

DROP TABLE IF EXISTS `admin`;

CREATE TABLE `admin` (
  `admin_id` int NOT NULL AUTO_INCREMENT,
  `admin_log` varchar(255) DEFAULT NULL,
  `admin_passw` varchar(255) DEFAULT NULL,
  `admin_right` varchar(255) DEFAULT NULL,
  PRIMARY KEY (`admin_id`)
) ENGINE=InnoDB AUTO_INCREMENT=2 DEFAULT CHARSET=utf8mb4 COLLATE=utf8mb4_0900_ai_ci;

INSERT INTO `admin` VALUES (1,'ToursOffice','$argon2id$v=19$m=65536,t=5,p=1$rsHwk4jf+ad6BAVXoPpP6g$roCRD693BrNFpEEWoOoFRMLIxVaxp6WXejl2aYrWUQs','admin');

/***********************************/
/* script pour créer la table city */
/***********************************/

DROP TABLE IF EXISTS `city`;

CREATE TABLE `city` (
  `city_id` int NOT NULL AUTO_INCREMENT,
  `city_name` varchar(255) DEFAULT NULL,
  `city_description_en` text,
  `city_description_fr` text,
  `city_lien` varchar(255) DEFAULT NULL,
  `city_longitude` float DEFAULT NULL,
  `city_latitude` float DEFAULT NULL,
  `city_banner` varchar(255) DEFAULT NULL,
  PRIMARY KEY (`city_id`)
) ENGINE=InnoDB AUTO_INCREMENT=21 DEFAULT CHARSET=utf8mb4 COLLATE=utf8mb4_0900_ai_ci;


INSERT INTO `city` VALUES (1,'Amboise','Once the Capital of the Renaissance Kings, Amboise is home to some architectural wonders: the Royal Castle, built in the 15th and 16th centuries, the Clos Lucé, last residence of Leonardo da Vinci, the Chateau Gaillard, home of the first Renaissance gardens, and the Pagoda of Chanteloup.\n\nFrom the Loire shores to the old town’s hidden streets, from the limestone slopes to the stalls of its renowned market, the Royal City of Amboise still sparkles today, for the amazement of its visitors!\n\nOnce the Capital of the Renaissance Kings, Amboise is home to some architectural wonders: the Royal Castle, built in the 15th and 16th centuries, the Clos Lucé, last residence of Leonardo da Vinci, the Chateau Gaillard, home of the first Renaissance gardens, and the Pagoda of Chanteloup.\n\nFrom the Loire shores to the old town’s hidden streets, from the limestone slopes to the stalls of its renowned market, the Royal City of Amboise still sparkles today, for the amazement of its visitors!','Capitale des Rois de la Renaissance, Amboise abrite de véritables chefs d’œuvres de l’architecture : le Château Royal, édifié aux 15ème et 16ème siècles, le Château du Clos Lucé, dernière demeure de Léonard de Vinci, le Château Gaillard, berceau des jardins de la Renaissance et la Pagode de Chanteloup. Des bords de Loire aux ruelles de la vieille ville, des coteaux troglodytes aux étals de son célèbre marché, Amboise, ville royale, n’en finit pas de rayonner, et de nous émerveiller !\n\nCapitale des Rois de la Renaissance, Amboise abrite de véritables chefs d’œuvres de l’architecture : le Château Royal, édifié aux 15ème et 16ème siècles, le Château du Clos Lucé, dernière demeure de Léonard de Vinci, le Château Gaillard, berceau des jardins de la Renaissance et la Pagode de Chanteloup. Des bords de Loire aux ruelles de la vieille ville, des coteaux troglodytes aux étals de son célèbre marché, Amboise, ville royale, n’en finit pas de rayonner, et de nous émerveiller !\n\nCapitale des Rois de la Renaissance, Amboise abrite de véritables chefs d’œuvres de l’architecture : le Château Royal, édifié aux 15ème et 16ème siècles, le Château du Clos Lucé, dernière demeure de Léonard de Vinci, le Château Gaillard, berceau des jardins de la Renaissance et la Pagode de Chanteloup. Des bords de Loire aux ruelles de la vieille ville, des coteaux troglodytes aux étals de son célèbre marché, Amboise, ville royale, n’en finit pas de rayonner, et de nous émerveiller !','www.ville-amboise.fr/',47.4132,0.986012,'http://localhost:3000/City_Ambroise_Ban.jpg'),(2,'Loches','Overlooking the Indre Valley, thirty minutes south of Tours, Loches, a town of art and history and one of the most beautiful detours in France, has an amazing rich heritage making it an outstanding medieval city in the heart of the Loire Valley castles. Loches is the historical and patrimonial epicentre of a countryside overflowing with castles, unspoilt landscape and where strolling is a way of life.','Surplombant la vallée de l’Indre, à 30 minutes au sud de Tours, Loches, ville d’art et d’histoire et Plus Beaux Détours de France, possède une étonnante richesse patrimoniale qui fait d’elle une cité médiévale d’exception au cœur des Châteaux de la Loire. Elle est le cœur historique et patrimonial d’une campagne constellée de châteaux, aux paysages préservés, où l’on cultive l’art de flâner.','www.ville-loches.fr/',47.1262,0.997775,'http://localhost:3000/City_Loches_Ban.jpg'),(3,'Tours','The friendly people of Tours are always delighted to get the chance to share their way of life with visitors, whether at one of the innumerable markets, cafes, and shopping streets in the city centre, or on the banks of the gorgeous river Loire.\n \nFood is high on the list of priorities for the people of Tours, which is a member of the \"Cités de la Gastronomie,\" network, and also belongs to the \"Cities of Art and History\" association, being the gateway to the châteaux of the Loire Valley. Tours has all the advantages of a growing, dynamic city, where the pleasures of the table and natural heritage are living experiences — not just words in a tourist brochure!\n \nWith no less than twenty centuries of history behind it, Tours has to be discovered close-up. You can explore on foot, by bike, bicycle taxi or Segway, as well as with the \"little tourist train\" and by horse-drawn carriage during holiday periods... whatever suits you best!','Tours saura vous faire partager le meilleur de « L’Art de vivre Tourangeau » : marchés aux fleurs, terrasses de cafés, bords de Loire ou rues commerçantes du centre-ville de Tours...\n\nCité gourmande devenue membre du réseau des « Cités de la Gastronomie », « Ville d’Art et d’Histoire », et porte d’entrée de la « Vallée des Châteaux de la Loire », Tours a su garder tous les atouts d’une ville où se cultiver, savourer les plaisirs de la table, et profiter de son patrimoine naturel ne sont pas de vains mots…\n\nDu haut de ses vingt siècles d’histoire, Tours se laisse découvrir à pied, à vélo, en segway, en vélo-taxi, mais aussi en petit train ou en calèche à certaines périodes de l’année… au gré de vos envies !\n\nTours saura vous faire partager le meilleur de « L’Art de vivre Tourangeau » : marchés aux fleurs, terrasses de cafés, bords de Loire ou rues commerçantes du centre-ville de Tours...\n\nCité gourmande devenue membre du réseau des « Cités de la Gastronomie », « Ville d’Art et d’Histoire », et porte d’entrée de la « Vallée des Châteaux de la Loire », Tours a su garder tous les atouts d’une ville où se cultiver, savourer les plaisirs de la table, et profiter de son patrimoine naturel ne sont pas de vains mots…\n\nDu haut de ses vingt siècles d’histoire, Tours se laisse découvrir à pied, à vélo, en segway, en vélo-taxi, mais aussi en petit train ou en calèche à certaines périodes de l’année… au gré de vos envies !','www.tours.fr/',47.3905,0.688396,'http://localhost:3000/City_Tours_Ban.jpg'),(4,'Sainte-Maure de Touraine','Sainte-Maure de Touraine\'s greeters welcome you as a friend to make you discover their favourite places and their anecdotes! A stroll through the troglodytic valley of Courtineau, the meeting of a producer of goat cheese, the discovery of a master glass-maker … Moments of authentic sharing where the lifestyle in Touraine will all come together!','Les greeters de Sainte-Maure de Touraine vous accueillent en amis pour vous faire découvrir leurs petits coins de paradis, leurs coups de cœurs et leurs anecdotes ! Une balade à travers la vallée troglodytique de Courtineau, la rencontre d’un producteur de fromage de chèvre, la découverte d’un maître verrier … Des moments de partage authentique où l’art de vivre en Touraine prendra tout son sens.','www.sainte-maure-de-touraine.fr/',47.1122,0.620265,NULL),(5,'Chinon','Chinon is mostly known for its Fortress, its acclaimed vineyards and gastronomic delights, and its illustrious characters, François Rabelais among them. But this historic town has so much more to offer, and those who call it home, those know it like the back of their hands, are the best placed to share so much more of it with you!\n\nSpare the time for a walk along well-trodden paths or round a ruin, on foot or by bike, as the mood takes you, and let yourself be enchanted by the secrets and the stories of this town and its people.\n\nOnly those who live here can reveal their favourite family recipes, the local restaurants they hold so dear, their most treasured views of the river, the vineyards and the forests, in short, everything that makes Chinon ‘home’ for them.\n\nSimply put, imagine how a friend would welcome you to his hometown and share with you his love of that town and all it stands for - he is, without doubt, its best Ambassador.\n\nChinon is mostly known for its Fortress, its acclaimed vineyards and gastronomic delights, and its illustrious characters, François Rabelais among them. But this historic town has so much more to offer, and those who call it home, those know it like the back of their hands, are the best placed to share so much more of it with you!\n\nSpare the time for a walk along well-trodden paths or round a ruin, on foot or by bike, as the mood takes you, and let yourself be enchanted by the secrets and the stories of this town and its people.\n\nOnly those who live here can reveal their favourite family recipes, the local restaurants they hold so dear, their most treasured views of the river, the vineyards and the forests, in short, everything that makes Chinon ‘home’ for them.\n\nSimply put, imagine how a friend would welcome you to his hometown and share with you his love of that town and all it stands for - he is, without doubt, its best Ambassador.\n\nChinon is mostly known for its Fortress, its acclaimed vineyards and gastronomic delights, and its illustrious characters, François Rabelais among them. But this historic town has so much more to offer, and those who call it home, those know it like the back of their hands, are the best placed to share so much more of it with you!\n\nSpare the time for a walk along well-trodden paths or round a ruin, on foot or by bike, as the mood takes you, and let yourself be enchanted by the secrets and the stories of this town and its people.\n\nOnly those who live here can reveal their favourite family recipes, the local restaurants they hold so dear, their most treasured views of the river, the vineyards and the forests, in short, everything that makes Chinon ‘home’ for them.\n\nSimply put, imagine how a friend would welcome you to his hometown and share with you his love of that town and all it stands for - he is, without doubt, its best Ambassador.','La plupart du temps, on associe à Chinon sa Forteresse Royale, ses non moins célèbres vignobles, sa gastronomie et ses personnages illustres, pour n’en citer qu’un seul, François Rabelais !\n\nMais la ville d’Art et d’Histoire recèle bien d’autres richesses et l’enfant du pays, lui qui connait la ville comme sa poche, pourra vous en dire plus encore !\n\nLe temps d’une balade hors des sentiers battus, à pied ou à vélo si le cœur vous en dit, au détour d’une ruelle ou d’un chemin, il vous livrera bien des secrets, vous contera mille et une anecdotes. Vous découvrirez les trésors cachés du paysage chinonais entre bocages, coteaux, vignobles et forêt. Parcourant la Rabelaisie, il partagera volontiers avec vous adresses gourmandes et recettes de famille et vous dévoilera toutes les subtilités du noble breuvage. \n\nEn toute simplicité, tel un ami qui vous reçoit chez lui, il vous confiera ses coups de cœur et son attachement à sa ville. Authentique, il partagera ses valeurs et cet Art de vivre dont il est, sans nul doute, le meilleur ambassadeur.','www.ville-chinon.com/',47.167,0.237923,'http://localhost:3000/City_Chinon_Ban.jpg'),(6,'Rochecorbon',NULL,'Douce France que celle des villages de Touraine. C’est au cœur de l’un d’eux que nous vous emmenons maintenant, à Rochecorbon, fameuse bourgade situé au cœur du vignoble de Vouvray.\n\nA quelques tours de roues de la capitale tourangelle, entre Loire et coteau, découvrez les caves et les demeures troglodytiques qui témoignent de l’exploitation passée du tuffeau dans le Val de Loire, mais aussi les coteaux abrupts cachant des hectares de vignes, et enfin La Lanterne – célèbre tour de guet – dont les feux prévenaient autant des dangers menaçant qu’elle guidait les navigateurs sur la Loire.','www.mairie-rochecorbon.fr/',47.4142,0.755103,NULL),(7,'Ligre',NULL,NULL,'https://www.cc-tvv.fr/ligre/',47.1138,0.279118,''),(8,'Pocé-sur-Cisse',NULL,NULL,'https://poce-sur-cisse.fr/',47.443,0.990838,NULL),(9,'La Roche Clermault',NULL,NULL,'https://www.chinon-vienne-loire.fr/nous-connaitre/les-communes/roche-clermault/',47.1401,0.194471,NULL),(10,'Huismes',NULL,NULL,'https://www.huismes.com/',47.2325,0.252434,NULL),(11,'Sainte-Catherine de Fierbois',NULL,NULL,'http://www.saintecatherinedefierbois.fr/',47.1573,0.654376,NULL),(12,'Puissigny',NULL,NULL,NULL,46.991,0.554098,NULL),(13,'Saint Hippolyte',NULL,NULL,'http://www.sthippolyte37.fr/',47.0581,1.10069,NULL),(14,'Parçay sur Vienne',NULL,NULL,'https://mairie-parcaysurvienne.fr/',47.1052,0.47743,NULL),(15,'Anche',NULL,NULL,'https://www.annuaire-mairie.fr/mairie-anche-37.html',47.1381,0.308235,NULL),(16,'Saint-Cyr-sur-Loire',NULL,NULL,'https://www.saint-cyr-sur-loire.com/',47.4001,0.666491,NULL),(17,'Perrusson',NULL,NULL,'https://www.perrusson.fr/',47.0999,1.0132,NULL),(18,'Lussault sur Loire',NULL,NULL,'https://www.annuaire-mairie.fr/mairie-lussault-sur-loire.html',47.3984,0.924292,NULL),(19,'Nouâtre',NULL,NULL,'https://www.mairie-nouatre.fr/',47.0514,0.549539,NULL);

/**************************************/
/* script pour créer la table concept */
/**************************************/

DROP TABLE IF EXISTS `concept`;

CREATE TABLE `concept` (
  `concept_greeter_id` int NOT NULL AUTO_INCREMENT,
  `concept_title1_fr` varchar(255) DEFAULT NULL,
  `concept_title1_en` varchar(255) DEFAULT NULL,
  `concept_title2_fr` varchar(255) DEFAULT NULL,
  `concept_title2_en` varchar(255) DEFAULT NULL,
  `concept_title3_fr` varchar(255) DEFAULT NULL,
  `concept_title3_en` varchar(255) DEFAULT NULL,
  `concept_photo` varchar(255) DEFAULT NULL,
  `concept_content_fr` text DEFAULT NULL,
  `concept_content_en` text DEFAULT NULL,
  PRIMARY KEY (`concept_greeter_id`)
) ENGINE=InnoDB DEFAULT CHARSET=utf8mb4 COLLATE=utf8mb4_0900_ai_ci;

INSERT INTO `concept` VALUES (1,'Le concept Greeter','The greeter concept','Un ami pour un jour !\n','The best way to see Loire Valley with a local !','Partez en balade avec un habitant !\n','Go for a free stroll with a local resident  !',NULL,'C\'est en 1992 à New York que naît le concept Greeters.\n\nLynn Brooks, avec la complicité de son réseau d’amis, propose aux touristes des balades insolites organisées par des habitants dans les quartiers de la « Big Apple ».\n\nUn greeter \"hôte\" en anglais vous accueille deux heures environ gratuitement pour une balade conviviale, authentique et riche en échanges !\n\nDepuis 2010, le mouvement connaît un engouement exceptionnel sur les cinq continents.\nLes différentes destinations greeters décident alors de se regrouper et de créer un réseau international : le Global Greeter Network (GGN).\n\nEn France, les organisations greeters sont coordonnées depuis 2011 par la Fédération France Greeters.','All the greeters concept was born in 1992 in New-York. Lynn Brooks, with the participation of her network of friends, offers to tourists unusual strolls organised by the residents of the area of the « Big Apple ».\n\nA greeter welcomes you for a friendly and authentic  two-hour long stroll, rich in exchanges !\n\nSince 2010, the movement has gained in popularity over the five continents.\n\nThen, the  different destinations decided to gather together and create an international network : the Global Greeter Network\n\nIn France, greeter organisations have been coordinated by the « France Greeters » Federation since 2011.');

/**************************************/
/* script pour créer la table contact */
/**************************************/

DROP TABLE IF EXISTS `contact`;

CREATE TABLE `contact` (
  `contact_id` int NOT NULL AUTO_INCREMENT,
  `contact_object` varchar(255) DEFAULT NULL,
  `contact_message` text,
  `contact_firstname` varchar(255) DEFAULT NULL,
  `contact_lastname` varchar(255) DEFAULT NULL,
  `contact_mail` varchar(255) DEFAULT NULL,
  `contact_treated` tinyint DEFAULT NULL,
  `contact_date` date DEFAULT NULL,
  PRIMARY KEY (`contact_id`)
) ENGINE=InnoDB DEFAULT CHARSET=utf8mb4 COLLATE=utf8mb4_0900_ai_ci;

/**********************************************/
/* script pour créer la table description */
/**********************************************/

DROP TABLE IF EXISTS `description`;

CREATE TABLE `description` (
  `description_id` int NOT NULL AUTO_INCREMENT,
  `description_title1_fr` varchar(255) DEFAULT NULL,
  `description_title1_en` varchar(255) DEFAULT NULL,
  `description_title2_fr` varchar(255) DEFAULT NULL,
  `description_title2_en` varchar(255) DEFAULT NULL,
  `description_content_fr` text DEFAULT NULL,
  `description_content_en` text DEFAULT NULL,
  `description_photo` varchar(255) DEFAULT NULL,
  PRIMARY KEY (`description_id`)
) ENGINE=InnoDB DEFAULT CHARSET=utf8mb4 COLLATE=utf8mb4_0900_ai_ci;

INSERT INTO `description` VALUES (1,'Qu\'est ce qu\'un Greeters ?','What\'s a greeter?','Rencontrez un greeter, votre ami en Touraine !','Meet a greeter, your friend in Touraine!','Le greeter, “hôte en anglais” est un habitant passionné par son territoire, sa ville, son village et accueille le visiteur lors d’une balade conviviale, authentique et instructive.  Il vous emmène autour de ses lieux préférés, vous offre ses « bons plans » et bonnes adresses … le tout dans une démarche entièrement basée sur le bénévolat ! Ces balades de 2 heures environ sont gratuites.\nUn Greeter n’est pas un guide. Les thèmes de balades sont variés et sont avant tout un prétexte pour une rencontre, une expérience humaine riche et un échange culturel qui restent à la base du rendez-vous.\nCe mouvement mondial, précurseur du tourisme participatif, est né aux États-Unis en 1992. Il rencontre un grand succès en France et dans le monde.\nLoire Valley Greeters est membre de la Fédération Française Greeters et Global Greeters Network et s\'engage à respecter la charte et les valeurs Greeters ','A greeter is a local resident who is passionate about his region, his town, his village and who welcomes  tourists with a friendly, authentic and enlightening stroll.\n\nHe will take you to his favourite places and share with you his good tips and addresses… And this, is all based on a voluntary initiative! These two-hour long strolls are free.\n\nA greeter is not a guide. The themes of the strolls are wide and it is mostly an opportunity for an enriching experience and a cultural exchange, which basically remains the base of the meeting.\n\nThis worldwide movement  is pionner of the participative tourism which was born in the United Sates of America in 1992. It has met a huge success in France and worldwide ever since.\n\nThe Loire Valley Greeters is member of both the Greeters French Federation and the Global Gretters Network, and respects the charter and its Greeters values.','http://localhost:3000/concept-banner.jpg');

/**************************************/
/* script pour créer la table galerie */
/**************************************/

DROP TABLE IF EXISTS `galerie`;

CREATE TABLE `galerie` (
  `galerie_id` int NOT NULL AUTO_INCREMENT,
  `galerie_photo` varchar(255) DEFAULT NULL,
  `galerie_legende_photo` text,
  PRIMARY KEY (`galerie_id`)
) ENGINE=InnoDB DEFAULT CHARSET=utf8mb4 COLLATE=utf8mb4_0900_ai_ci;

/*************************************/
/* script pour créer la table person */
/*************************************/

DROP TABLE IF EXISTS `person`;

CREATE TABLE `person` (
  `person_id` int NOT NULL AUTO_INCREMENT,
  `person_firstname` varchar(255) DEFAULT NULL,
  `person_catch_phrase_fr` text,
  `person_description_fr` text,
  `person_catch_phrase_en` text,
  `person_description_en` text,
  `person_photo` varchar(255) DEFAULT NULL,
  `person_lastname` varchar(255) DEFAULT NULL,
  `person_city_id` int DEFAULT NULL,
  PRIMARY KEY (`person_id`)
) ENGINE=InnoDB AUTO_INCREMENT=270 DEFAULT CHARSET=utf8mb4 COLLATE=utf8mb4_0900_ai_ci;

INSERT INTO `person` VALUES (1,'Christophe','« Même le plus long des voyages commence par un premier pas » Lao TSEU','Je vous propose de venir faire ce premier pas avec moi, pour découvrir notre belle ville de Tours. Expliquez-moi ce que vous voulez découvrir ou dites-moi quels sont vos centres d’intérêts et je me ferais une joie de vous préparer une belle balade conviviale ou nous pourrons échanger nos goûts, nos avis, nos cultures dans un parc, devant un monument, ou pourquoi pas en terrasse avec un verre de Touraine.','\"A million kilometers journey always starts with one step\" Lao TSEU','I offer you to make this first step with me to discover the beautiful city that Tours is. Tell me what you wish to discover or tell me what you like and I will gladly create for you a nice friendly stroll during which we will be able to share our taste and opinions while enjoying monuments and, why not, drinking a glass off \"Touraine\" wine.','http://localhost:3000/Christophe.jpg',NULL,3),(2,'Yann','Amboisien, j\'ai parcouru ma ville et sa campagne depuis mon enfance. Je me suis intéressé à leur histoire mais aussi aux gens qui y vivaient.','Au cours d\'une balade à pied dans Amboise et ses environs, je vous ferai découvrir les différents paysages qui ont  permis l\'implantation des hommes sur ce territoire : le plateau des Châteliers, la Loire et la rivière l\'Amasse, les habitations troglodytiques. Je pourrai évoquer la vie des hommes et des femmes qui vivaient au pied du château royal. ','I have always lived in Amboise, I have been exploring my town and its countryside since my childhood.','I have always been interested in its history and its people. During a stroll in Amboise and its surroundings, I will be showing you the different landscapes which enabled the population spread on this territory. The Châtelier plateau, the Loire and the Amasse river, the troglodyte dwellings. I will tell you about the life of men and women who lived at the foot of the royal château.  I will let you discover the vineyard on the hillside, visit a goat breeding... Here is my invitation to a journey off the beaten path.','http://localhost:3000/Yann.jpg',NULL,8),(3,'Vincent','En Touraine depuis de nombreuses années, je vous propose de découvrir en toute convivialité quelques uns des nombreux attraits de notre belle ville de Tours.','Nous nous promènerons dans des lieux incontournables: quartiers historiques, ruelles, passages et monuments, parcs et jardins remarquables, bords de Loire, halle et marchés sans oublier la gastronomie et ses bonnes adresses !',NULL,NULL,'http://localhost:3000/Vincent.jpg',NULL,3),(4,'Valérie','Bienvenue en Touraine, je serais ravie de vous accompagner à travers notre ville d\'art et d\'histoire, pour vous expliquer son évolution et sa transformation à travers les siècles.','Tourangelle d’adoption, passionnée d’histoire et de patrimoine, j’aimerais vous faire partager ma passion au cours d’une balade au fil du temps et au fil des rues, afin de vivre un moment d’échange et de convivialité, en toute simplicité et j’espère vous donner envie d’en savoir plus sur la région « du bon vivre et du bien parler » et pourquoi pas d’y revenir…','Welcome in Tours, I would be very happy to show you our city of art and history, to explain its evolution and its transformation through the centuries.','Not native from Tours, passionate about history and heritage, I would like to share my passion during a walk, over time and over streets, in order to live a moment of sharing and conviviality, and I hope you would like to know more about the region of “the good living and good speaking” and why do not you come back …','http://localhost:3000/Valerie.jpg',NULL,3),(5,'Thomas','Sportif, dynamique, polymathe, convivial, ambitieux, étudiant en LAP (à Poitiers).','J’aime la politique, l’histoire, la géographie, l’économie, les échecs, le trading, les soirées. Je connais la ville d’Amboise (je suis issu de plusieurs familles Amboisiennes installées déjà avant la Révolution) et son histoire. Je propose une balade dans la ville d’Amboise hors des circuits touristiques traditionnels comme la vue panoramique, la Place-du-marché, la Rue-Nationale en passant par certaines rues anciennes et certains restaurants historiques d’Amboise) mais également une visite en vélo pour ceux qui en possèdent et qui le souhaitent (Pagode Chanteloup et son domaine, Lavoir de Chandon en passant par la Loire à Vélo). J’ai également pas mal d’anecdotes sur des monuments ou lieux mais et aussi sur les personnes célèbres (Présidents, maires, chanteurs, ministres, industriels, généraux…) ayant passés ou vécus à Amboise. Je peux également faire un circuit sur demande en fonction des thèmes suivants : nature, sport. ','Sport-lover, dynamic, polymath, friendly, ambitious, student in Politics (in Poitiers).','I like politics, history, economy, chess, trading, and going out with friends. I know the city of Amboise and its history like the back of my hand (my family has always lived there). I can take you on a tour out of the traditional routes including the viewpoints, the old town and show you some nice food addresses. If you prefer riding your bike, we will go to the Chanteloup Pagoda, the Chandon washhouse using part of the Loire cycle trail.','http://localhost:3000/Thomas-S.jpg',NULL,1),(6,'Thierry','J’ai toujours aimé être à Amboise : j’y ai fait mes études secondaires, puis j’ai décidé de m’y installer pour y vivre et y travailler.','J’y ai même récemment trouvé l’habitation de mes rêves : un troglodyte en plein centre-ville, superbe refuge naturel en plein cœur touristique, puisque le quartier est très fréquenté par les visiteurs de châteaux. Il est très agréable de répondre aux questions des nombreux passants, tout en leur montrant parfois également ce qui se cache « derrière les murs » ; ces brefs moments d’échanges sont toujours très sympathiques et encouragent à renouveler l’expérience éphémère.','I have always loved Amboise: I studied there and decided to live and work there.','I even recently found the house of my dreams: it is a troglodytic house in the town center, a beautiful natural nest in the old town, walked by by many visitors every day. I enjoy answering their questions showing them what hides behind the walls. These short moments of exchange are much appreciated and encourage me onto the greeters experience.','http://localhost:3000/Thierry-M.jpg',NULL,1),(7,'Sylvie','Tourangelle depuis une trentaine d\'années, j\'ai appris à connaître et apprécier cette ville magnifique, tranquille et fleurie.','Je serais heureuse de vous la faire découvrir au cours d\'une balade de 2 à 3 heures. J\'aime voyager et ai eu la chance d\'aller visiter un grand nombre de pays, et je serai heureuse de pouvoir échanger nos différentes coutumes, en anglais ou en italien. Je serai également ravie de faire connaitre la capitale du Jardin de la France aux touristes des autres régions de notre beau pays.','I have been living in Tours for approximately 30 years and during that period, I have been able to know and appreciate this beautiful town, quiet & with so many flowers everywhere.','I would be delighted to have you discover this city through a two or three-hour walk.','http://localhost:3000/Sylvie.jpg',NULL,3),(8,'Susan','Je suis d’origine anglaise, et je suis venue ici comme touriste, mais maintenant j’ai la chance d’avoir fait ma vie dans le petit village de Huismes, dans la merveilleuse région de Touraine.','Mes souvenirs de voyage ont été les moments inoubliables que j’ai passé avec les habitants des régions dans lesquelles je voyage, qui sont passionnés de leur environnement et qui ont partagé certaines de leurs expériences avec moi. Je voudrais en faire de même avec vous !','I am English, and although I originally came here as a tourist, I am now fortunate enough to have made my home in the small village of Huismes, in the wonderful Touraine region of France.','My most enduring memories of travel have been the times I have spent with those who live in the area in which I am travelling, who are passionate about their surroundings and who have shared some of their experiences with me.  I would like to do the same with you !','http://localhost:3000/Susan-C.jpg',NULL,10),(9,'Roger','Si visiter Chinon à travers son terroir vous intéresse je vous propose des balades qui vous permettront de parler et d’échanger sur Rabelais, la vigne et le vin avec un soupçon de gastronomie.','Une autre approche pour connaître Chinon… en incluant si vous le souhaitez quelques éléments du Patrimoine moins connus. Un peu épicurien, un peu Rabelaisien … depuis que j’ai émigré à Chinon, je partagerai volontiers les raisons qui ont fait que je suis resté dans cette « petite ville de grand renom » pour y prendre une retraite (bien sûr) méritée !',NULL,'If you are interested in discovering Chinon’s soil and the city itself, I suggest you to stroll with me whilst we chat about Rabelais, the vineyard and the wine with a touch of gastronomy. Another way to discover Chinon… including if you want some unknown aspects of the heritage. Since I moved to Chinon I feel myself a little bit epicurean, a little bit fan of Rabelais, so I’ll share with you the reasons whom made me stay here in “this small but renowned city” for my retirement!','http://localhost:3000/Roger-P.jpg',NULL,5),(10,'Richard','Amoureux de la nature, du patrimoine et de randonnée, je vous propose des balades dans la forêt domaniale de Loches.','En fonction de vos envies, nous partirons également à la découverte du centre ville de Loches et Beaulieu-Les-Loches.','Lovers of nature, heritage and hiking, I suggest you strolls in the forest of the domain of Loches.','If you desire, we can also go and discover the city-centre of Loches and Beaulieu-Les-Loches.','http://localhost:3000/Richard-B.jpg',NULL,2),(11,'Pierrette','Tourangelle d\'adoption, j\'habite cette ville depuis une dizaine d\'années après avoir longuement vécu à l\'étranger.','J\'adore rencontrer de nouvelles personnalités et échanger des idées (en français, en anglais ou en italien), refaire le monde tout en me baladant à travers les ruelles de la ville, sur les sentiers des jolis parcs, ou assise sur un banc sur les rives de l\'incomparable Loire en contemplant la douce lumière tourangelle. J\'aime également pouvoir partager les plaisirs de bouche qu\'offre la ville et les richesses cinématographiques données à profusion par notre cinéma d\'art et d\'essai. Et si le coeur - et les jambes - vous disent, pourquoi ne pas envisager une balade à vélo pour aller jeter un oeil sur les châteaux, remonter jusqu\'au confluent de la Loire et du Cher, rêver au Moyen-Age en allant à la découverte de Chinon, se recueillir sur les côteaux qui ont inspiré Balzac, Rabelais ou Ronsard, célèbres écrivains tourangeaux... N\'hésitez pas à me contacter et nous pourrons partager des moments ou les prolonger, en fonction de vos désirs ! ','After many years abroad, I settled in Tours about 10 years ago.','After many years abroad, I settled in Tours about 10 years ago. I love meeting people from all over the world and discover new ways of thinking and living. Discussing the world, exchanging about politics, literature, gastronomy, arts, music..., my hobbies are quite open to discovering and exploring the landscapes as well as the human beings. Whether in a pub, or in a restaurant, or in a museum, or on a bike ride along the rivers which run in Tours, I would be happy to share a moment with you and let you enjoy this beautiful and famous part of France which is rich of historical and poetical prints, where you can go along great writers\'paths (like Balzac, Rabelais, Ronsard) while tasting a unforgetable glass of wine accompanied with goat cheese and fruit of the Loire Valley. Do not hesitate : get in touch and we will be able to share a day or an evening according to what will suit you best !','http://localhost:3000/Pierrette.jpg',NULL,3),(12,'Pierre-Marie',NULL,'Connaissant bien le village de Nouâtre au bord de la Vienne, je vous ferai découvrir, avec grand plaisir, à pieds ou en vélo, son riche patrimoine, son histoire, ses chemins de randonnée, ses petits coins méconnus.',NULL,'Knowing well the Village of Nouâtre, along the river Vienne, I will make you discover with great pleasure, through a stroll or a bicycle ride its rich heritage, its history, its hiking trails and its lesser-known parts.','http://localhost:3000/Pierre-Marie-D.jpg',NULL,19),(13,'Pierre',NULL,'Habitant le centre de Tours depuis 1990, je vous propose de vous emmener à la découverte de la cité tourangelle, en fonction de vos centres d’intérêt : histoire de la ville, gastronomie, vins, shopping, marchés, jardins, lieux de spectacles, lieux insolites et remarquables etc. Je tenterai de vous faire partager mon enthousiasme pour la douceur de vivre de cette ville animée par une intense activité touristique et une vie étudiante développée. Nous pourrons également évoquer les incomparables châteaux de  la vallée de la Loire : Chenonceaux, Villandry, Langeais …',NULL,'Citizen of Tours since 1990, I would suggest that we discover together the city, having regards on your personal point of interest : history of the city, gastronomy, wines, shopping, markets gardens, show places, unusual and noteworthy places. I will try to make you share my enthusiasm for gentle way of life of this lively town, livened up by an intense toursitic activity and an expended student life. We will too speak about matchless castles of the Loire Valley : Chenonceaux, Villandry, Langeais.','http://localhost:3000/Pierre.jpg',NULL,3),(14,'Philippe','Issu d’une famille tourangelle depuis plusieurs générations et né à Tours, je vous propose de découvrir tranquillement à pied notre ville.','C’est un plaisir de flâner entre Loire et Cher aux travers d’avenues, rues commerçantes, places et jardins afin d’admirer ses nombreux monuments.','Born in Tours into a family from Touraine since many generations, I propose you to discover our city on foot.','It’s a real pleasure to stroll between the river Loire and Cher through avenues, shopping streets, squares, gardens to admire its’ numerous monuments. I wish to share with you my attachment to Tours and Touraine and let you appreciate it’s art of living.','http://localhost:3000/Philippe.jpg',NULL,3),(15,'Patrick','Tourangeau de cœur depuis maintenant 20 ans, la ville m’a adopté et je souhaite vous la faire découvrir lors d’une balade tout en convivialité et simplicité.','Je m’adapterai à votre demande, je vous conterai le \"Vieux\" Tours, le quartier \"Colbert\", nous passerons par la grande cathédrale Saint Gatien, la Basilique Saint Martin, le Grand Théâtre de Tours, je vous ferai connaitre mes petits passages \"secrets\" et nous ferons halte dans un pub de la très conviviale et agréable place \"Plumereau\".','Dynamic, curious and sociable nature, it would be my pleasure to help you discover the Tours that I live in, know and appreciate.','Dynamic,curious and sociable nature, it would be my pleasure to help you discover the Tours that I live in, know and appreciate.','http://localhost:3000/Patrick.jpg',NULL,3),(16,'Patrice','Quel instant souhaitez-vous vivre ?','Celui de l\'enquête sur une rivière mystérieuse ?','What moment do you expect?','An investigation about a mysterious river?','http://localhost:3000/Patrice.jpg',NULL,18),(17,'Pascale','Je vous propose de me suivre au cours d\'une promenade dans les rues et ruelles des quartiers historiques de Tours.','Si comme moi vous aimez découvrir les villes au riche patrimoine architectural, je vous propose de me suivre au cours d\'une promenade dans les rues et ruelles des quartiers historiques de Tours. J\'habite Tours depuis 20 ans, j\'aime les voyages, l\'histoire, les vieilles pierres et la nature. J\'espère vous faire partager le plaisir que j\'ai à flâner dans les rues de Tours, sur les bords de Loire et dans ses jardins.',NULL,'Follow me along a stroll in the streets and alleys of the old quarters of Tours.','http://localhost:3000/Pascale.jpg',NULL,3),(18,'Pascal','J’aurai plaisir à vous faire découvrir mes coups de cœur et de vous accompagner sur les sites incontournables et insolites de Loches.','Ce sera également l’occasion d’échanger autour du petit patrimoine, de l’Art, de la gastronomie.',NULL,'I will be pleased to show you my favorits places and lead you on the Must see places in Loches. It will also be the best moment to talk about the heritage, art and gastronomy.','http://localhost:3000/Pascal.jpg',NULL,17),(19,'Nicole','Tours, j’aime la nature dans la ville, et j\'aurai plaisir à vous faire partager mes coups de cœur.','Mon côté nature vous accompagnera dans des espaces de verdure: parcs, lacs (où naviguent parfois quelques bateaux aux voiles colorées..), bords du Cher, petite île, quais de Loire (site privilégié des cormorans que nous aurons peut-être la chance d’observer ! ) . Vous apprécierez tous ces lieux tourangeaux qui sont de véritables havres de paix . Mon côté citadin fera découvrir, aux chercheurs de \"bons plans\", le shopping dégriffé, ou au contraire des boutiques de créateurs atypiques. Quel que soit votre choix de balade, nous pourrons la terminer autour d\'un verre, à une terrasse “dénichée” en coeur de ville, mais bien préservée de son effervescence . Ce sera un plaisir pour moi d’échanger avec vous ces moments de convivialité et de vous voir repartir conquis par les différentes facettes de cette ville.','If you like the nature in the city , so I will be pleased to go with you for a walk in Tours.','According to your tastes, we can walk  either in the parks, or around the lac (where some boats are sometimes sailing), or along the banks of the Loire, the favourite place to observe the cormorans. For those who prefer shopping instead of nature, I can show you some shops where you can get good bargains, but we can also enter in designers’ shops .','http://localhost:3000/Nicole.jpg',NULL,3),(20,'Michèle','Je serais heureuse de vous faire découvrir ma belle ville d\'Amboise.','Au gré de nos promenades, je chercherai à partager avec vous ma passion du patrimoine bâti, dévoiler les secrets des sites prestigieux, conter des anecdotes et ainsi donner du sens à la beauté des contrées traversées. Je vous parlerai du patrimoine ligérien (relatif à la Loire) qui décline toute une palette de couleurs...de la flore, de la faune, de la navigation sur la Loire les siècles passés, sans oublier les peintres, écrivains et concepteurs de jardins qui ont contribué à la renommée du Val de Loire. J’ai réalisé un carnet de croquis aquarellés qui étayent mes commentaires.','I would be glad to let you discover my beautiful town of Amboise.','During our strolls, I will be sharing with you my passion of built heritage and unveiling the secrets of prestigious sites, relating anecdotes and thus, giving meaning to the beauty of our land crossing. I will tell you about the Loire Heritage, its Flora a and Fauna, the navigation on the Loire of the past centuries including painters, writers and garden designers who contributed to the renown of the Loire Valley. I have compiled a book of personal watercolor sketches to illustrate my comments.','http://localhost:3000/Michele.jpg',NULL,1),(21,'Michel',NULL,'Cette oeuvre d\'art avec sa ligne, réalisée en 1851, a joué un rôle considérable dans le développement économique du territoire. Elle est et sera toujours utile même si une nouvelle ligne à grande vitesse vient d\'être construite non loin de là. Mais la ce sera à partir de juillet 2017. ','Borned in railroad employees family and inhabitant of Noyant station, i would like to make you discover a manifical point of view where the viaduct of the railroad line Tours-Poitiers takes all its place with more than 30 m of top above a magnificent valley.','This work of art with its line, realized in 1851, played a considerable role in the economic development of the territory. She will be always usefull even if a new high-speed railroad will be built not far from there from july 2017.','http://localhost:3000/Michel.jpg',NULL,4),(22,'Maryse','Bonjour et bienvenue dans notre belle région, notre « jardin de la France ».','Mon enfance s\'appelle Chinon...C\'est dans ce « Pays de Touraine » que j\'ai vécu, entre 5 et 11 ans (durant la Seconde Guerre Mondiale) auprès de notre cher Grand-­Père. Il exploitait « sa vigne du Fort Saint Georges » qui donnait un fameux petit vin rosé, à déguster dans son joli jardin en terrasses, nommé simplement « Les Terrasses Fleuries ». Quelle vue sublime sur les toits en ardoises de Chinon et les vallons environnants ! J\'ai joué dans les douves du château et dans la forteresse (voire les oubliettes !) ainsi que dans les caves du coteau. Je vous raconterai... Notre Grand-­Père, disciple lointain de Pythagore, nous apprenait que « tout est harmonie dans la nature » et, de ce temps-là, je garde un souvenir éblouissant. En mémoire de lui et « de ses vieilles pierres », comme il désignait le Fort Saint Georges, je serais heureuse de vous présenter, de façon personnelle, ces lieux, que j\'ai souhaité retrouver pour terminer mon chemin de vie.',NULL,'Hello and welcome to our beautiful region, our “garden of France”. My childhood is called CHINON… During WW II, I lived here from the age of 5 and 11 with my dear grandpa. He used to manage his own vineyard “Fort St Georges” which yields a delicious rosé wine to taste on the terrace in the garden. What a scenic view on the roofs of Chinon and the landscape behind. I used to play in the fortress and the castle moat (even in the dungeons!) but also around the caves on the hills.  I will tell you about it… Our grandpa, a former disciple of Pythagoras, taught us that “all in nature is in harmony” and I keep in mind a very nice memory of that period. In memory of him and his “old stones” like he used to say about the Fort St Georges, I will be happy to take you on my own way around these places that I wished for my old days.','http://localhost:3000/Maryse.jpg',NULL,5),(23,'Martine','Je suis née à Tours et j\'apprécie beaucoup ma ville, son histoire, sa douceur de vivre, mais aussi la Loire et ses couleurs.','Née à Tours, je suis tourangelle depuis plusieurs générations. J\'apprécie beaucoup ma ville, son histoire, son patrimoine, sa douceur de vivre, et aussi la Loire et ses couleurs. Je serais très heureuse de vous faire découvrir Tours et de vous accompagner, selon vos souhaits, sur les sites incontournables, lieux emblématiques ou insolites. ','I was born and raised in Tours,I love my city, its history, its good living and La Loire and its colors.','I will be pleased to make you discover Tours, come with you as you wish to the hot spots, the scenic places and the unique ones. We could also talk about some of the local writers famous or not that loved Tours and its aerea. I mostly hope to share with you my attachment to my town and make you come back.','http://localhost:3000/Martine.jpg',NULL,3),(24,'Martin','Tours, je me promène souvent dans la ville pour découvrir toute ses curiosités.','Je peux vous conduire sur les bords de Loire, dans les rues du Vieux Tours, dans les rues commerçantes, sur les marchés, dans les jardins, dans les endroits les plus calmes... ou les plus fréquentés... ou dans tout autre lieu. J\'aimerais vous faire découvrir ma ville selon vos goûts.',NULL,NULL,'http://localhost:3000/Martin.jpg',NULL,16),(25,'Marie','Si vous souhaitez que je vous fasse découvrir ma belle ville de Tours et mes bon plans !','Bonjour, après 10 ans passés à Tours,un passage à Bruxelles puis à Paris,je suis revenue dans ma ville coup de cœur depuis 5 ans.Si vous souhaitez que je vous fasse découvrir ma belle ville de Tours et mes bon plans,je me ferai un plaisir de vous accompagner en fonction de vos envies et de vos attentes. :-)','If you want me to let you discover my beautiful city Tours and my give you my tips!','Hi, after 10 years in Tours,I moved to Brussels then to Paris,to finally come back to my lovely city of Tours where I live since 5 years now.So,if you wish to discover Tours and my best adresses, I would love to have a walk with you according to your hopes and expectations. :-)','http://localhost:3000/Marie.jpg',NULL,3);

INSERT INTO `person` VALUES (26,'Laurent','J\'habite la Touraine depuis 2010 mais enfant, je passais mes vacances dans le Chinonais.','Le hasard m\'a ramené ici et c\'est en fin de compte un heureux hasard... Amoureux de la nature (je suis jardinier), je vous propose des balades, à pied ou à vélo, dans la campagne proche de Chinon (8 kms) avec quelques anecdotes ou histoires de la région en bonus...il se peut que l\'on passe un bon moment...','Born and bred in Chinon, I also went to school here, where the maze of narrow streets and private alleyways in the town centre was a wonderful playground.','I will share with you my favourite places to sample local delicacies, between the Vienne and the \' Coteaux\' you will discover the streets, squares, courtyards and \'caves\'. You will learn a litttle history, hear plenty of anecdotes and tales about Chinon and its inhabitants that you won\'t find in the history books.','http://localhost:3000/Laurent-A.jpg',NULL,15),(27,'Laurent D','\"Gamin\" de Chinon, j\'y ai effectué ma scolarité, mais également déambulé dans ce formidable terrain de jeux que sont les dédales des rues et passages privés du centre-ville.','Je vous promènerais entre la Vienne, la vieille ville et le Coteaux, je partagerais mes adresses gourmandes, à la découverte des rues, des places, les arrières cours, les caves… un peu d\'histoire, beaucoup d\'anecdotes, celles qui ont fait l\'histoire de Chinon et des Chinonais, celle qui n\'est pas dans les livres d\'histoire !',NULL,'Child of Chinon, I studied there but also played in the narrow streets and private crossings of the center. I’ll guide you all the way between the Vienne river, the hills and the old town, I’ll give you my favorite addresses, tell you about the best part of Chinon’s and the inhabitants history, I have many anecdotes about the story not told in the books. Let’s finish in the oldest café of the town with a cup of coffee.','http://localhost:3000/Laurent-D.jpg',NULL,5),(28,'Laura','Je suis tourangelle de naissance et j\'aimerais vous faire découvrir ma vision de Tours et de la Touraine, la richesse de son patrimoine culturel et naturel.','Pour moi être greeter, c\'est aussi découvrir votre culture, que vous soyez de Bretagne ou d\'Australie, je serais ravie de vous rencontrer. J\'aime voyager et je suis très ouverte aux autres cultures. Je suis impatiente de vous rencontrer pour passer des moments simples et conviviaux. A bientôt ! ','I have always lived in Touraine and I would be pleased to show you the best places of Tours and talk about the Loire Valley, its culture, nature, history, gastronomy...','I have always lived in Touraine and I would be pleased to show you the best places of Tours and talk about the Loire Valley, its culture, nature, history, gastronomy... Being a greeter is also for me discovering your culture, I love travelling and I\'d like to meet people from all the world! See you soon!','http://localhost:3000/Laura.jpg',NULL,3),(29,'Josselin','Chaque personne est un voyage en soi !','Bonjour tout le monde, je m\'appelle Josselin et je vous invite à découvrir avec moi Tours centre, une ville pleine de surprise à chaque coin de rue et où il fait bon vivre.','Every single person is a trip on it\'s own way!','Hello everyone, my name is Josselin and I invite you to discover with me the city of Tours, a city of small surprises at every corner and its peaceful way of living.','http://localhost:3000/Josselin.jpg',NULL,3),(30,'Jocelyne','Je vous emmène à la découverte de ma ville. Je l’aime et souhaite la faire découvrir à tous mes amis.','J’y habite depuis 35 ans et je ne me lasse pas de redécouvrir tous ses trésors. En fonction des attentes des grands et des plus jeunes,  je vous guiderai dans les petites ruelles, les rues et les avenues à la recherche de son patrimoine architectural et culturel. Je vous conduirai vers les artisans,  les commerçants, les maraichers et les éleveurs qui constituent le fleuron de la gastronomie tourangelle. Je vous accompagnerai vers les parcs et les jardins centenaires, fierté des tourangeaux. Et vous vous extasierez devant le spectacle toujours différent en fonction de la lumière et des saisons de son fleuve royal, la Loire classée patrimoine mondial de l’Humanité. Bref, nous passerons quelques heures riches en rencontres et en échanges.',NULL,NULL,'http://localhost:3000/Jocelyne.jpg',NULL,3),(31,'Jean-Yves','J\'habite le cœur de Tours depuis 20 ans et vous propose d\'entrevoir notre belle ville différemment, en empruntant des chemins insolites.','En fonction de vos envies, nous partirons à la découverte de quelques quartiers remarquables : constructions, arrières cours, parcs ou jardins, marchés, les habitants et leur vie. Nous pourrons nous promener en bord de Loire, la traverser par le pont de fil. En chemin, rien n\'interdit de partager sur l\'histoire de Tours, la batellerie, les bons plans photographiques ou gastronomiques, le vignoble environnant, bref, de partager tout ce qui vous plaira !','I have been living in center of Tours for 20 years and propose you to discoverour beautifull city differently while taking unusual streets.','According to your wishes, we will discover some remarkable districts: architectures, back yards, parcs or gardens, outdoor markets, inhabitants and their way of life. We even could walk along the river Loire or cross the pedestrian bridge. Along the way there’s no problem to exchange about Tours’ history, the inland navigation, our good deals for restaurants or best spots for photography or the local wine, in sum to share about all you want to.','http://localhost:3000/Jean-Yves.jpg',NULL,3),(32,'Jean-Pierre','Chinonais d’adoption, tourangeau de famille, membre de la Confrérie des Bons Entonneurs Rabelaisiens. ','Je voudrais vous faire partager et découvrir ce que notre Grand Maître François Rabelais appelait « le bon breton », ce vin de Chinon, rouge, blanc, rosé, en vous proposant une balade historique, ludique à travers les vieilles rues de notre ville, ainsi que la découverte de caves insolites où François Rabelais disais « je scay où est la cave peinte de Chinon, j’y ai beu maints verres de vin frais ».',NULL,'From Chinon by adoption, originate from Touraine  and member of the association of “les Bons Entonneurs Rablaisiens” (an association working to promote wine of Chinon). Let’s explore what our Great Master François Rabelais use to call “le bon Breton” (the good Breton) this','http://localhost:3000/JP-H.jpg',NULL,5),(33,'Jean-Marie','Étant né à Amboise et ayant passé dans cette ville la plus grande partie de ma vie j\'y suis très attaché.','Je suis aussi, bien sûr, très attaché au château avec lequel j\'ai un lien particulier que je vous décrirai. J\'aimerais vous faire découvrir Amboise d\'aujourd\'hui mais aussi Amboise d\'hier dans une balade adaptée à vos désirs qui, je l\'espère, restera un souvenir marquant de votre séjour. ','I am very attached to Amboise having been born and spent most of my life here.','Also, I am very interested in the chateau with which I have a special link that I will explain. I would like to show you not only Amboise of today but help you discover its history during a walk that can be tailored to your interests and will remain a memorable souvenir of your stay.','http://localhost:3000/Jean-Marie.jpg',NULL,1),(34,'Jean-Luc','Les grandes itinérances dont plusieurs chemins de Compostelle m\'ont appris à partager paysages et rencontres.','Natif de cette terre, j\'ai parcouru le monde ce qui me pousse à vous faire découvrir lieux forts et atmosphères propres à ce territoire pour des balades courtes et diversifiés qui vous laisseront l\'image d\'une plénitude ou l\'homme a toute sa place. ',NULL,NULL,'http://localhost:3000/Jean-Luc.jpg',NULL,14),(35,'Jean-Claude','Tourangeau depuis toujours, je suis un amoureux de la nature, pêcheur, ramasseur de champignons et marchant beaucoup.','Je serai ravi de vous faire découvrir ma ville autrement. Un parcours pédestre, une balade à vélo, une visite de cave, un bon resto, les beaux sites pour prendre une photo, visite de l’île d’Or, balade sur le marché le vendredi ou le dimanche matin. La ville d\'Amboise est un joyau de la Touraine, venez découvrir tous ses trésors touristiques, de la promenade la plus tranquille à celle la plus insolite, vous tomberez amoureux.','I have always lived in the region, I love nature, fishing, picking mushrooms and hiking.','I will be pleased to make you discover my city. Hiking, cycling, tasting wine, enjoying a nice meal, taking a beautiful picture, visiting the island, walking on the Sunday market. The city of Amboise is a local gem, so come and discover its jewels, for a gentle walk or an unusual tour…you will immediately fall in love','http://localhost:3000/Jean-Claude.jpg',NULL,1),(36,'Janet','Je serais heureuse de vous faire partager ma connaissance de la ville et alentours avec vous.','Anglaise et Amboisienne depuis 10 ans j’aimerais partager avec vous tous les attraits de cette ville et de sa région. ','I would be happy to share my knowledge of my home town and its surroundings with you.','I would be happy to share my knowledge of my home town and its surroundings with you. I could walk or cycle with you in and around Amboise. I could also accompany you to local shops, wine cellars or to the Amboise market which was elected the French people’s favourite market in 2015. The region is known as the garden of France and abounds with excellent local produce - wines, cheeses, fruit and vegetables. I would be pleased to answer your questions about the French way of life which I have more or less adopted being married to a Frenchman.','http://localhost:3000/Janet.jpg',NULL,1),(37,'Jack','Je vis sur Tours, dans le cœur de la Touraine depuis 40 ans.','Je me ferais un plaisir de vous faire découvrir mes endroits favoris. Selon vos envies, je vous propose de découvrir les quartiers historiques. ','I lived in Tours for 40 years, at the heart of the Touraine.','It would be my pleasure to show you to some of my favourite places. Based on your preference, we could walk through historic neighbourhoods and talk about whatever comes to mind.','http://localhost:3000/Jack.jpg',NULL,3),(38,'Ingrid','Je suis une résidente néerlandaise-chinonaise.','Je suis tombée amoureuse de Chinon et de ses alentours. C\'est pourquoi, je tiens à partager cet amour de ma région. J\'aime rencontrer des gens, je pourrais ainsi vous guider à pied ou en vélo dans la belle campagne au bord de la Vienne (possibilité de venir avec son chien, moi-même en possédant un). Je pourrais également vous accompagner au marché de Chinon ou dans une cave. Lors de notre balade, je vous parlerais de la flore, de la faune, des produits locaux ainsi que des bonnes adresses de magasins et de restaurants… Je serais heureuse de répondre à vos questions.',NULL,'I am a Dutch living in Chinon. I found in love with Chinon and its surroundings. That’s why Iwant to share my love of the region. I like to meet people so I can lead you on foot or with bike towards the countryside bording the river Vienne ( you can come with your dog, I have one too). We can go togheter to the market of Chinon or to a wine cellar. During the stroll I will tell you about the fauna and flora, local products and provide you good adresses of shops or restaurants…I will be glad to answer your questions.','http://localhost:3000/Ingrid.jpg',NULL,5),(39,'Gérard','Je suis né tout près de Chinon, ville où j\'ai toujours résidé, mon attachement y est fort.','J\'aime me balader dans cette ville et ses alentours, il y a toujours du changement selon la saison et il y fait bon vivre. Selon vos envies, nous découvrirons ensemble à pied ou à vélo la ville, ses sites historiques remarquables, ses rues pittoresques, et, les alentours par la vallée de la Vienne et les vignobles sur le coteau. Avec plaisir, je vous rencontrerai pour partager un moment convivial.',NULL,' I was born close to chinon, a city where I am deeply attached and where I’ve always lived. I love to browse around, there’s always something changing depending on the season and it’s a very good place to live. Depending on your desires we can wander togheter around       the city by bike or on foot, to discover Chinon’s most beautiful streets, historical parts and the vineyards on the hills through the Vienne valley. I will be pleased to meet you and share a pleasant moment with you.','http://localhost:3000/Gerard.jpg',NULL,5),(40,'Gaylord','Je vous propose de découvrir la ville de Tours, en mettant l\'accent sur son noyau historique fortement marqué par le Moyen Age, de la cathédrale à la place Plumereau.','Il est possible aussi de se concentrer sur l\'un ou l\'autre de ces deux grands pôles et leurs alentours. Nous pourrons également sortir des sentiers battus et découvrir les quartiers pittoresques, à caractère médiéval et plus rural, de Saint-Symphorien et Sainte-Radegonde jusqu\'à l\'ancienne abbaye de Marmoutier, sur la rive nord de la Loire. Autre possibilité, nous pourrons mettre l\'accent sur les parcs et jardins ainsi que les bords de Loire. Je souhaite adapter la balade à vos désirs (et aux miens) ainsi qu\'aux circonstances, afin que cette expérience soit unique et vivante',NULL,NULL,'http://localhost:3000/Gaylord.jpg',NULL,3),(41,'Françoise','Je suis passionnée par les jardins, la nature et le patrimoine.','Si vous avez envie de flâner dans les jardins de Loches, les Prairies du Roy et les caves Troglodytiques de Beaulieu-Les-Loches, je me ferai un plaisir de vous accompagner afin de découvrir ces lieux. ',NULL,'If you want to stroll in the gardens of Loches, Les Prairies du Roy and the troglodytes’ caves of Beaulieu-les-Loches I will be pleased to guide you to discover those places.  I’m fond of gardens, nature and heritage.','http://localhost:3000/Francoise-P.jpg',NULL,13),(42,'Evelyne','Habitant depuis 40 ans à Tours, j\'apprécie sa douceur de vivre et sa beauté sans cesse renouvelée selon les saisons.','Je saurais vous faire découvrir toutes les facettes de cette ville en passant par des détours enchanteurs et des chemins étonnants qui vous conduiront dans les ruelles historiques, les jardins, les marchés, les lieux où les tourangeaux aiment se rencontrer et parler de leurs histoires et de l\'Histoire !!! Tout ce parcours vous fera aussi découvrir l\'omniprésence de la Loire qui en se conjuguant avec le Cher donne à notre cité tourangelle un éclat incomparable...','Resident of Tours for forty years, i like its sweet art of living and its changing beauy according to seasons.','I can show you every side of the city with its interesting twists and turns through history-filled streets, gardens, markets, and places where city natives like to hang out and talk about their current lives and lives past in this historic city!','http://localhost:3000/Evelyne.jpg',NULL,3),(43,'Elsa','Je suis une personne qui aime les arts en général, les arts vivants tels que le théâtre, l\'opéra, le cinéma, mais aussi les arts graphiques,la peinture, la sculpture et l\'architecture.','J\'aime également voyager, j\'ai eu la chance de pouvoir découvrir quelques pays en Europe, mais aussi en Amérique, et de vivre en Australie à Brisbane.','I’m a person who loves the arts in general, performing arts such as plays, operas and films, but also graphic arts such as paintings, sculpture and architecture.','I also love travelling. I’ve had the chance to discover a few countries in Europe and America, and to live in Brisbane, Australia.','http://localhost:3000/Elsa.jpg',NULL,3),(44,'Dominique','Si Pussigny est la plus petite commune du canton de Sainte-Maure de Touraine, elle est bien connue pour son \"festival du Grand Format\" : 30 artistes-peintres réalisent sous les yeux du public en une journée 30 oeuvres géantes de 4mx2m qui restent exposées sur les murs du village jusqu\'à fin septembre.','Je suis la Présidente de l\'association \"Les Pussifolies\" qui organise cette manifestation depuis 8 ans maintenant et je peux vous servir de guide dans les rues du bourg de Pussigny transformé en musée tout l\'été.',NULL,NULL,'http://localhost:3000/Dominique.jpg',NULL,12),(45,'Denise','Amboisienne de naissance, je suis revenue dans cette ville où il « fait bon vivre » : ce n\'est pas par hasard que les Rois de France ont bâti tous ces châteaux dans la vallée de la Loire et grâce à notre Histoire, nous avons le plaisir de vous accueillir, Vous, Touristes du monde entier !','Nous vous proposons une randonnée découverte d\'Amboise, randonnée semi urbaine de 2 ou 4 heures : marche « normale » ou marche tonique au cours de laquelle nous vous ferons découvrir monuments, belles demeures, site archéologique, ruelles pittoresques et si vous êtes bons marcheurs la campagne environnante et les bords de Loire ! Nous vous ferons part de nos modestes connaissances en espérant partager un agréable moment.','I was born in Amboise and have come back to the city where “life is sweet”: it is no accident that the Kings of France have built all these castles in the Loire Valley. Thanks to our history, we can now welcome the whole world to our city!','We offer to go on a 2-hour or 4-hour hike through Amboise (regular or sport hiking). The tour will take us to the nice monuments and private houses, archeological sites, hidden streets and if you are a good hiker, the nearby countryside and the river shores! We hope to spend a nice moment together sharing our little knowledge.','http://localhost:3000/Denise.jpg',NULL,1),(46,'Danielle A','J\'habite Sainte-Catherine de Fierbois depuis de nombreuses années et suis passionnée par l\'histoire, en particulier, celle de ma région.','Grande marcheuse, j\'ai suivi le chemin de Compostelle jusqu\'à Finisterre en Galice. J\'aime partager ma passion tant avec les pèlerins qui s\'arrêtent dans mon gîte qu\'avec les personnes que je rencontre au travers d\'associations ou de manifestations. Ce sera pour moi, si vous le désirez, une joie de vous faire connaître ce lieu de pèlerinage millénaire. Je vous invite à découvrir, entre histoire et légende, l\'église gothique flamboyant du XVème, l\'Aumônerie Boucicault et Jeanne d\'Arc, sans oublier les nombreux pèlerins en route vers Compostelle. N\'hésitez pas, venez, les trésors de notre joli village vous attendent. Si le coeur vous en dit, en fin de balade, la terrasse de l\'Auberge sera le lieu idéal pour conclure ce moment de partage. ',NULL,NULL,'http://localhost:3000/Danielle-A.jpg',NULL,11),(47,'Danielle','Chinonaise de cœur, Huismoise de naissance, amoureuse de notre beau Chinonais et de ses alentours, c’est avec beaucoup de plaisir que je vous accompagnerais dans la découverte du Chinonais.','J’ai bien sûr une préférence pour la visite de la commune de Huismes qui n’a pas de secret pour moi. J’aimerais vous faire découvrir lors de balades pédestres ses paysages très diversifiés : landes, coteaux, forêts, rivière et ruisseaux et/ou son patrimoine architectural et rural particulièrement riches (fontaine, Fuies, lavoirs, maisons troglodytiques etc…). Je peux également vous aider à découvrir le Véron avec ses verts bocages, ses vignobles, ses nombreuses installations de loisirs… Mais si vous préférez notre belle ville de Chinon je vous la montrerais du haut de son coteau, la vue y est magnifique et puis pourquoi pas terminer notre ballade par une visite de cave avec… dégustation évidemment !',NULL,'From Chinon by adoption, born in Huismes and a big lover of Chinon and its’ area. I will take you around with pleasure, off course I have a preference for the visit of Huismes which has no secret for me. During a walking tour I wish to make you discover the various landscapes : hills, forests, river and the rich rural architecture (troglodytes houses, fountains, old public washtubs…). I also can make you discover the countryside of Veron region with its veynards and recreational facilities. But if you prefer our beautiful city of Chinon I will show it to you from the top of the hill, the view is just magnificiant and why not to finish with a visit of a cellar cave… and a wine tasting off course !','http://localhost:3000/Danielle-M.jpg',NULL,10),(48,'Claudine','Bienvenue à tous ceux qui prennent le temps de marcher ou pédaler à Tours et/ou dans sa très proche banlieue.','J’aime la ville de Tours et vous invite à cheminer dans ses deux vieux quartiers que sont celui de la Cathédrale et celui de St Martin.',NULL,NULL,'http://localhost:3000/Claudine.jpg',NULL,3),(49,'Claudie',NULL,'J\'aurai à cœur de vous faire découvrir notre environnement si particulier de petit village troglo attaché à préserver art de vivre, convivialité, biodiversité... Au plaisir de vous y accueillir... A très bientôt.',NULL,'I’ll be glad to let you discover our so special environment with its troglodyte small village, willing to preserve its art of living, friendly atmosphere and biodiversity. Looking forward to welcoming you… See you soon.','http://localhost:3000/Claudie.jpg',NULL,4),(50,'Claude','Originaire de Champagne, ma famille s’est finalement installée en Touraine depuis quelques années, séduite par le charme de Rochecorbon, une commune rurale viticole en toute proximité de la ville de Tours.','Depuis, je parcours ce bourg pour en explorer les richesses, les paysages, son histoire et son patrimoine. Rochecorbon est reconnue pour ses monuments historiques, son classement Unesco de « paysage culturel » du Val de Loire, son univers troglodytique, ses vins. Sans oublier la Lanterne, cette petite tourelle vestige de son château médiéval. Tout ce que j’ai appris et découvert je prends maintenant plaisir à le partager, à vous guider et vous révéler quelques-uns de ses secrets. NB : Le village de Rochecorbon se situe à 5 km de Tours, sur la rive droite de la Loire. Prévoir votre voiture personnelle pour vous y rendre ou bien prendre la ligne de bus N°53 ou 54,départ place Anatole France à Tours, arrêt quai de la Loire. Le rendez-vous est à l\'Office de Tourisme de Rochecorbon.',NULL,'Originally from Champagne, my family settled in Touraine since few years, seduced by the charm of Rochecorbon, this rural and wine-producing village close to Tours. Since that I explore all the corners of the village to discover the landscape, history and heritage, Rochecorbon is known for its’ historical monuments, its’ wine, troglodytes housing and for its’ classification as « Cultural landscape » by UNESCO. Plus the Lantern, this small former tower vestige of the medieval castle. Now all I know and have learned I have a lot of pleasure to share it with you and even reveal you some secrects about the village.','http://localhost:3000/Claude.jpg',NULL,6),(51,'Christophe','« Même le plus long des voyages commence par un premier pas » Lao TSEU','Je vous propose de venir faire ce premier pas avec moi, pour découvrir notre belle ville de Tours. Expliquez-moi ce que vous voulez découvrir ou dites-moi quels sont vos centres d’intérêts et je me ferais une joie de vous préparer une belle balade conviviale ou nous pourrons échanger nos goûts, nos avis, nos cultures dans un parc, devant un monument, ou pourquoi pas en terrasse avec un verre de Touraine.','\"A million kilometers journey always starts with one step\" Lao TSEU','I offer you to make this first step with me to discover the beautiful city that Tours is. Tell me what you wish to discover or tell me what you like and I will gladly create for you a nice friendly stroll during which we will be able to share our taste and opinions while enjoying monuments and, why not, drinking a glass off \"Touraine\" wine.','http://localhost:3000/Christophe.jpg',NULL,NULL);

INSERT INTO `person` VALUES (52,'Christine L','Amoureuse d\'Amboise et de sa magnifique région, je serais heureuse de vous accueillir pour partager avec vous une balade à pied ou à vélo, en bord de Loire et/ou sur le coteau (vignobles, sites troglodytiques, forêt,...).','De vous accompagner au marché du vendredi ou du dimanche matin et vous faire découvrir les spécialités locales, ou bien dans une cave (avec dégustation bien sûr) et vous indiquer toutes mes bonnes adresses (shopping, restaurants, bars, dancings, etc...). A très vite j\'espère !','As a lover of Amboise and its beautiful region, I will be glad to welcome you and share with you a walk or a bicycle ride alongside the river banks of the Loire or on the hillside (vineyards, troglodytic sites, forest…)','Take you to the market on Friday or Sunday morning, to let you discover local specialties, or a wine cellar (with wine tasting of course) and share with you all my good addresses (shopping, restaurants, bars, dancing…). Hope to see you soon!','http://localhost:3000/Christine-L.jpg',NULL,1),(53,'Christine','Quels que soient les chemins empruntés, je souhaite avant tout partager avec vous cette douceur de vivre au cœur de la Touraine.','C\'est à pied que je vous invite à flâner dans Tours, à vous imprégner de l\'atmosphère de notre ville. Partons à la découverte de ses différents quartiers, de ses jardins, de ses marchés et de son patrimoine culturel, architectural et gastronomique.',NULL,'Whatever the streets taken, I want first of all share with you the art of living in heart of Touraine. Let’s walk in the city, take in the atmosphere. Let’s discover the differents sections, the gardens, markets and the cultural, architectural and gastronomic heritage.','http://localhost:3000/Christine.jpg',NULL,3),(54,'Christian','J\'aime ma ville, mon village que je n\'ai jamais quitté malgré une carrière professionnelle très internationale.','Je suis né à Sainte-Maure en 1947 sous le soleil du mois d\'août. Je vous propose de découvrir de façon originale l\'histoire de cette ville à travers quelques constructions remarquables, de vous parler de la \"route Nationale 10\" historique qui traverse la ville ou de vous raconter quelques originalités sur le fromage \"Sainte-Maure de Touraine AOP\" et même de le gouter !',NULL,NULL,'http://localhost:3000/Christian-B.jpg',NULL,4),(55,'Charlotte','Elevée près de Londres en Angleterre, j’ai trouvé mon bonheur à Chinon en 2008 où je vis avec mon mari français et mes quatre enfants.','Passionnée par le bon vin, la gastronomie, le patrimoine et les paysages, je passe le plus clair de mon temps à l’extérieur à m’occuper de mon potager, faire du vélo, courir... Réservez votre balade avec moi pour découvrir les chemins insolites de la vielle ville de Chinon, les ruelles de la haute ville et Ste Radegonde, ou les villages alentours (La Roche Clermault et son bois de la guerre Picrocholine, Marçay et son lavoir, Cinais et son camp des Romains, Seuilly la ville natale de Rabelais) à pied ou à vélo.','A native of Surrey in England, I adopted Chinon as home in 2008 where I live with my French husband and my four children.','Passionate about food, wine, architecture and beautiful countryside, I also love running, cycling, gardening and enjoying the great outdoors in every season. Book your walk with me to enjoy the lesser trodden paths round Chinon’s medieval town, the steep lanes and St Radegonde, or the surrounding villages (La Roche Clermault with its woodlands, Marcay with its traditional lavoir, Cinais and the Roman encampment, Seuilly home of Rabelais ) on foot or by bike.','http://localhost:3000/Charlotte-F.jpg',NULL,9),(56,'Charles Denley','Anglais de naissance, depuis 25 ans je vis à Amboise dans la Touraine, une charmante petite ville avec une grande histoire.','Ville charmante, petite, mais avec une histoire grandiose.  Les vues magnifiques, j’adore, en haut, où il y a 5000 ans, les premiers anciens ont regardé le fleuve en bas, dans toute sa splendeur, rôle stratégique mais, des fois, destructeur terrible ! ','British by birth, 25 years in Touraine, here I am living in Amboise, a charming small town with a BIG history.','I love the magnificent views, e.g. from the high ground, where 5000 years ago the first ancients admired the Loire below – splendid, strategic but often terribly destructive.','http://localhost:3000/Charles.jpg',NULL,1),(57,'Chantal','Passionnée de généalogie, je vous présenterais l’histoire d’Agnès Sorel et sa descendance.','Je vous promènerais dans les rues de Loches pour vous faire découvrir Loches vu d’en haut.',NULL,'Very interested in genealogy, I will introduce you Agnès Sorel and her posterity. I’ll take you in the streets of Loches to discover the city from the top.','http://localhost:3000/Chantal-C.jpg',NULL,2),(58,'Bertrand','J\'aimerai vous faire découvrir quelques lieux insolites sur Sainte-maure de Touraine et vous conter son fromage et son histoire.','Ou vous faire découvrir le souterrain refuge de la Cave Fourte à Saint-Epain. (Le site du souterrain refuge se situe sur la D101 entre Sainte-Catherine de Fierbois et Saint-Epain juste après la station d\'expérimentation fruitière de la Morinière.)','I’d like to take you to unusual and unique places in Sainte-Maure de Touraine and tell you about its history and the story of its cheese.','Or, make you discover the underground refuge of the Fourte Cave in Saint-Epain. (The underground refuge site is located on the road D 101 between Sainte-Catherine de Fierbois and Saint-Epain, just after the Morinière Fruit-growing station.)','http://localhost:3000/Bertrand.jpg',NULL,4),(59,'Bernard','Je serai heureux de vous faire découvrir quelques endroits insolites de notre ville, ou des alentours si vous souhaitez faire une balade à vélo.','Ce sera l’occasion de parler de Chinon et de sa « petite histoire » d’hier et d’aujourd‘hui. Et j’aimerais également que vous me parliez de votre région.',NULL,'I will be pleased to make you discover on bicycle unusual places in our city or in the surrounding if you want to. It will be the right moment to talk about Chinon and it’s “little story” of then and now. And I wish to know about your region.','http://localhost:3000/Bernard-B.jpg',NULL,5),(60,'Bernadette','Habitant à deux pas d’Amboise, j’aimerais vous faire découvrir notre petit patrimoine local.','Loge de vigne, lavoir, coteaux et pourquoi pas la visite d’un élevage de chèvres ou de brebis ou encore d’une exploitation viticole. Un moment agréable à partager !','I’d be glad to welcome you!','Walking around my charming village near Amboise, we can talk about cultural gastronomy, art, French way of living and visit farms where you can assist goat or ewe’s milking.','http://localhost:3000/Bernadette.jpg',NULL,8),(61,'Aurore','Depuis 40 ans que j’habite Amboise, je me dis tous les jours que j’ai de la chance d’habiter cette petite ville, d’arpenter ses rues, de voir le château comme un personnage familier et de me promener sur les bords de la Loire en toute saison.','Alors, pourquoi ne pas partager ce plaisir ? Pourquoi ne pas accompagner des visiteurs pour qu’ils découvrent eux aussi non seulement les lieux emblématiques mais également les surprises que révèle Amboise, l’envers du décor, l’insolite,  dès qu’on s’éloigne un peu des sentiers battus. Si vous aimez découvrir une ville tout en marchant, suivez-moi, accompagnez-moi ! Je peux aussi vous faire les commentaires en espagnol.',NULL,'Since 40 years that I live in Amboise, I told myself everyday that I am  lucky to live this little city, to walk through the streets, to see the castle like a familiar figure and to be able to walk along the river all year long. So why not to share this pleasure ? Why not taking visitors to discover famous places and go behing the scenes to see what surprises Amboise has to reveal. If like to discover a city walking the come and follow me ! I can also do the comments in spanish.','http://localhost:3000/Aurore.jpg',NULL,1),(62,'Aurélie','Tours est une ville chargée d\'histoire mais aussi très moderne. Ce sont ces deux personnalités de Tours que j\'aimerais vous montrer.','Originaire de Tours, je suis revenue dans la région il y a une dizaine d\'années après avoir vécu à Bordeaux, Paris et avoir beaucoup voyagé.','Tours is a very modern city, side by side with its glorious past. This is the aspect I\'d particularly like to show you.','Originally from Tours, I came back to the area about ten years ago after living in Bordeaux, Paris and also travelling a lot.','http://localhost:3000/Aurelie.jpg',NULL,3),(63,'Annette','Native du nord de la Touraine, je vous invite à découvrir \"sa capitale\" lors d\'une balade insolite.','Laissez-vous charmer par la Loire à pieds ou à vélo, flâner dans les parcs des environs, vous distraire lors de manifestations culturelles,  goûter la cuisine digne de cette cité gastronomique... Je vous attends avec plaisir.','Born in north Touraine, I invit you to discover its capital during a unique stroll.','Born in north Touraine, I invit you to discover its capital during a unique stroll. Let yourself be charmed by the Loire on foot or the « Loire à vélo », distract yourself during cultural events and taste the food of this gastronomic region. I look forward seeing you !','http://localhost:3000/Annette.jpg',NULL,3),(64,'Anne-Marie','Je serai ravie de vous accompagner pour une balade à la découverte de la ville de Chinon dans le dédale de ses petites rues médiévales et des anecdotes qui les caractérisent. ','Vous montrer les maisons troglodytes du coteau ou vous faire découvrir son île et ses petits jardins, sa promenade le long de la Vienne et terminer à la Guinguette en période estivale. Si vous le souhaitez nous pouvons aussi nous retrouver à Candes Saint Martin à la confluence de la Vienne et de la Loire, avec sa superbe collégiale, ou à Richelieu avec sa rue Royale, son ancienne halle, son parc…à vous de choisir !',NULL,' I will be happy to lead you through Chinon’s maze of streets and tell you about the anecdotes that shape the medieval city. I’ll show you the troglodytic houses setting on the hillside or the island and its best, the walk along the river Vienne and finish at the Guinguette (open air-restaurant) in summer time. If you desire we can meet at Candes Saint Martin where the river Vienne meets the Loire, with its magnificient collegiate church or even in Richelieu to explore the Royale street, the former indoor maket, the parc…it’s up to you !','http://localhost:3000/Anne-Marie-D.jpg',NULL,7);

/****************************************/
/* script pour créer la table languages */
/****************************************/

DROP TABLE IF EXISTS `languages`;

CREATE TABLE `languages` (
  `language_id` int NOT NULL AUTO_INCREMENT,
  `language_title_fr` varchar(255) DEFAULT NULL,
  `language_name_fr` varchar(255) DEFAULT NULL,
  `language_title_en` varchar(255) DEFAULT NULL,
  `language_name_en` varchar(255) DEFAULT NULL,
  PRIMARY KEY (`language_id`)
) ENGINE=InnoDB AUTO_INCREMENT=3 DEFAULT CHARSET=utf8mb4 COLLATE=utf8mb4_0900_ai_ci;

INSERT INTO `languages` VALUES (1,'langage','Anglais','language','English'),(2,'langage','Français','language','French'),(3,'langage','Italien','language','Italian'),(4,'langage','Allemand','language','German'),(5,'langage','Espagnol','language','Spanish'),(6,'langage','Autres','language','Others');

/***************************************/
/* script pour créer la table thematic */
/***************************************/

DROP TABLE IF EXISTS `thematic`;

CREATE TABLE `thematic` (
  `thematic_id` int NOT NULL AUTO_INCREMENT,
  `thematic_title_en` varchar(255) DEFAULT NULL,
  `thematic_name_en` varchar(255) DEFAULT NULL,
  `thematic_title_fr` varchar(255) DEFAULT NULL,
  `thematic_name_fr` varchar(255) DEFAULT NULL,
  PRIMARY KEY (`thematic_id`)
) ENGINE=InnoDB AUTO_INCREMENT=22 DEFAULT CHARSET=utf8mb4 COLLATE=utf8mb4_0900_ai_ci;

INSERT INTO `thematic` VALUES (1,'Thematics','History','Thématiques','Histoire'),(2,'Thematics','Heritage','Thématiques','Patrimoine'),(3,'Thematics','Litterature','Thématiques','Littérature'),(4,'Thematics','Writers','Thématiques','Ecrivains'),(5,'Thematics','Architecture','Thématiques','Architecture'),(6,'Thematics','Urbanism','Thématiques','Urbanisme'),(7,'Thematics','Local products','Thématiques','Cuisine'),(8,'Thematics','Market','Thématiques','Marché'),(9,'Thematics','Gastronomy','Thématiques','Gastronomie'),(10,'Thematics','Nature','Thématiques','Nature'),(11,'Thematics','Hiking','Thématiques','Randonnée'),(12,'Thematics','Lifestyle','Thématiques','Vie quotidienne'),(13,'Thematics','Good tips','Thématiques','Bons plans'),(14,'Thematics','Shopping','Thématiques','Shopping'),(15,'Thematics','Cave dwellings','Thématiques','Habitats troglodytiques'),(16,'Thematics','Railway track','Thématiques','Voie ferroviaire'),(17,'Thematics','Santiago de Compostela','Thématiques','Saint-Jacques de Compostelle'),(18,'Thematics','Sports','Thématiques','Sport'),(19,'Thematics','Leisure','Thématiques','Loisirs');

/**************************************************/
/* script pour créer la table person_has_language */
/**************************************************/

DROP TABLE IF EXISTS `person_has_language`;

CREATE TABLE `person_has_language` (
  `person_person_id` int NOT NULL,
  `language_language_id` int NOT NULL,
  PRIMARY KEY (`person_person_id`,`language_language_id`),
  KEY `fk_person_has_language_language1_idx` (`language_language_id`),
  KEY `fk_person_has_language_person_idx` (`person_person_id`),
  CONSTRAINT `fk_person_has_language_language1` FOREIGN KEY (`language_language_id`) REFERENCES `languages` (`language_id`),
  CONSTRAINT `fk_person_has_language_person` FOREIGN KEY (`person_person_id`) REFERENCES `person` (`person_id`)
) ENGINE=InnoDB DEFAULT CHARSET=utf8mb4 COLLATE=utf8mb4_0900_ai_ci;

INSERT INTO `person_has_language` VALUES (1,1),(2,1),(4,1),(5,1),(6,1),(7,1),(8,1),(10,1),(11,1),(13,1),(14,1),(15,1),(16,1),(18,1),(20,1),(21,1),(25,1),(26,1),(27,1),(28,1),(29,1),(35,1),(36,1),(37,1),(40,1),(43,1),(45,1),(55,1),(56,1),(60,1),(62,1),(63,1),(1,2),(2,2),(3,2),(4,2),(5,2),(6,2),(7,2),(8,2),(9,2),(10,2),(11,2),(12,2),(13,2),(14,2),(15,2),(16,2),(17,2),(18,2),(19,2),(20,2),(21,2),(22,2),(23,2),(24,2),(25,2),(26,2),(27,2),(28,2),(29,2),(30,2),(31,2),(32,2),(33,2),(34,2),(35,2),(38,2),(39,2),(40,2),(41,2),(42,2),(43,2),(44,2),(45,2),(46,2),(47,2),(48,2),(49,2),(50,2),(52,2),(53,2),(54,2),(55,2),(56,2),(57,2),(58,2),(59,2),(60,2),(61,2),(63,2),(64,2),(4,3),(7,3),(11,3),(20,3),(43,3),(13,4),(7,5),(29,5),(43,5),(45,5),(60,5),(61,5),(60,6);

/**************************************************/
/* script pour créer la table person_has_thematic */
/**************************************************/

DROP TABLE IF EXISTS `person_has_thematic`;

CREATE TABLE `person_has_thematic` (
  `person_person_id` int NOT NULL,
  `thematic_thematic_id` int NOT NULL,
  PRIMARY KEY (`person_person_id`,`thematic_thematic_id`),
  KEY `fk_person_has_thematic_thematic1_idx` (`thematic_thematic_id`),
  KEY `fk_person_has_thematic_person1_idx` (`person_person_id`),
  CONSTRAINT `fk_person_has_thematic_person1` FOREIGN KEY (`person_person_id`) REFERENCES `person` (`person_id`),
  CONSTRAINT `fk_person_has_thematic_thematic1` FOREIGN KEY (`thematic_thematic_id`) REFERENCES `thematic` (`thematic_id`)
) ENGINE=InnoDB DEFAULT CHARSET=utf8mb4 COLLATE=utf8mb4_0900_ai_ci;

INSERT INTO `person_has_thematic` VALUES (2,1),(4,1),(5,1),(8,1),(9,1),(10,1),(11,1),(12,1),(13,1),(14,1),(16,1),(17,1),(18,1),(19,1),(20,1),(21,1),(22,1),(23,1),(24,1),(26,1),(27,1),(28,1),(29,1),(30,1),(31,1),(32,1),(33,1),(35,1),(38,1),(39,1),(40,1),(42,1),(45,1),(46,1),(47,1),(48,1),(50,1),(53,1),(54,1),(55,1),(56,1),(57,1),(58,1),(59,1),(61,1),(63,1),(64,1),(2,2),(4,2),(5,2),(8,2),(9,2),(10,2),(11,2),(12,2),(13,2),(14,2),(16,2),(17,2),(18,2),(19,2),(20,2),(21,2),(22,2),(23,2),(24,2),(26,2),(27,2),(28,2),(29,2),(30,2),(31,2),(32,2),(33,2),(35,2),(38,2),(39,2),(40,2),(42,2),(45,2),(46,2),(47,2),(48,2),(50,2),(53,2),(54,2),(55,2),(56,2),(57,2),(58,2),(59,2),(61,2),(63,2),(64,2),(11,3),(23,3),(11,4),(23,4),(1,5),(4,5),(8,5),(13,5),(15,5),(17,5),(18,5),(19,5),(24,5),(27,5),(30,5),(31,5),(37,5),(39,5),(48,5),(53,5),(56,5),(57,5),(62,5),(1,6),(4,6),(8,6),(13,6),(15,6),(17,6),(18,6),(19,6),(24,6),(27,6),(30,6),(31,6),(37,6),(48,6),(53,6),(57,6),(62,6),(1,7),(3,7),(4,7),(7,7),(8,7),(9,7),(11,7),(13,7),(14,7),(15,7),(16,7),(18,7),(19,7),(23,7),(25,7),(27,7),(28,7),(29,7),(30,7),(31,7),(32,7),(36,7),(37,7),(38,7),(42,7),(49,7),(52,7),(53,7),(54,7),(55,7),(57,7),(58,7),(60,7),(62,7),(63,7),(1,8),(3,8),(4,8),(7,8),(8,8),(9,8),(11,8),(13,8),(14,8),(15,8),(16,8),(18,8),(19,8),(23,8),(25,8),(27,8),(28,8),(29,8),(30,8),(31,8),(32,8),(36,8),(37,8),(38,8),(42,8),(49,8),(52,8),(53,8),(54,8),(55,8),(57,8),(58,8),(60,8),(62,8),(63,8),(1,9),(3,9),(4,9),(7,9),(8,9),(9,9),(11,9),(13,9),(14,9),(15,9),(16,9),(18,9),(19,9),(23,9),(25,9),(27,9),(28,9),(29,9),(30,9),(31,9),(32,9),(36,9),(37,9),(38,9),(42,9),(49,9),(52,9),(53,9),(54,9),(55,9),(57,9),(58,9),(60,9),(62,9),(63,9),(1,10),(3,10),(4,10),(6,10),(7,10),(8,10),(10,10),(12,10),(16,10),(17,10),(19,10),(21,10),(26,10),(28,10),(29,10),(30,10),(31,10),(34,10),(35,10),(36,10),(37,10),(38,10),(39,10),(40,10),(42,10),(44,10),(45,10),(46,10),(47,10),(48,10),(49,10),(50,10),(52,10),(54,10),(55,10),(56,10),(59,10),(61,10),(63,10),(1,11),(3,11),(4,11),(6,11),(7,11),(8,11),(10,11),(12,11),(16,11),(17,11),(19,11),(26,11),(28,11),(29,11),(30,11),(31,11),(34,11),(35,11),(36,11),(37,11),(38,11),(43,11),(44,11),(45,11),(46,11),(47,11),(50,11),(52,11),(54,11),(55,11),(56,11),(61,11),(63,11),(1,12),(4,12),(7,12),(15,12),(19,12),(25,12),(30,12),(31,12),(36,12),(43,12),(52,12),(60,12),(63,12),(1,13),(4,13),(7,13),(15,13),(19,13),(25,13),(30,13),(31,13),(36,13),(43,13),(52,13),(60,13),(63,13),(1,14),(4,14),(7,14),(15,14),(19,14),(25,14),(30,14),(31,14),(36,14),(52,14),(60,14),(63,14),(49,15),(58,15),(34,17),(46,17),(5,18),(16,18),(45,18),(63,18),(16,19),(45,19),(63,19);

/************************************/
/* script pour créer la table photo */
/************************************/

DROP TABLE IF EXISTS `photos`;

CREATE TABLE `photos` (
  `photos_id` int NOT NULL AUTO_INCREMENT,
  `photos_img` varchar(255) DEFAULT NULL,
  `photos_leg_fr` varchar(255) DEFAULT NULL,
  `photos_leg_en` varchar(255) DEFAULT NULL,
  `city_city_id` int NOT NULL,
  PRIMARY KEY (`photos_id`,`city_city_id`),
  KEY `fk_photos_city1_idx` (`city_city_id`),
  CONSTRAINT `fk_photos_city1` FOREIGN KEY (`city_city_id`) REFERENCES `city` (`city_id`)
) ENGINE=InnoDB AUTO_INCREMENT=23 DEFAULT CHARSET=utf8mb4 COLLATE=utf8mb4_0900_ai_ci;

INSERT INTO `photos` VALUES (1,'http://localhost:3000/City_Ambroise_Img2.jpg','Château Royal d\'Amboise','The Royal Chateau of Amboise',1),(2,'http://localhost:3000/City_Ambroise_Img3.jpg','Pagode de Chanteloup','The Pagoda of Chanteloup',1),(3,'http://localhost:3000/City_Ambroise_Img4.jpg','Château du Clos Lucé','The Clos Lucé, last residence of Leonardo da Vinci',1),(4,'http://localhost:3000/City_Loches_Img3.jpg','Cité Royale de Loches','The royal city of Loches',2),(5,'http://localhost:3000/City_Loches_Img2.jpg','Cité Royale de Loches','The royal city of Loches',2),(6,'http://localhost:3000/City_Loches_Img.jpg','Cité Royale de Loches','The royal city of Loches',2),(7,'http://localhost:3000/City_Tours_Img.jpg','Place Plumereau','Square Plumereau',3),(8,'http://localhost:3000/City_Tours_Img2.jpg','Musée des Beaux Arts','Fine Arts Museum',3),(9,'http://localhost:3000/City_Tours_Img3.jpg','Bords de Loire Guinguette de Tours','Guinguette of the banks of the Loire',3),(10,'http://localhost:3000/City_Tours_Img4.jpg','Tours sur plage','Tours',3),(11,'http://localhost:3000/City_Tours_Img5.jpg','Vue depuis la Tour Charlemagne','View from the Charlemagne tower',3),(12,'http://localhost:3000/City_SMT_Img.jpg','Sainte–Maure de Touraine','Sainte-Maure de Touraine',4),(13,'http://localhost:3000/City_SMT_Img2.jpg','Sainte-Maure de Touraine','Sainte-Maure de Touraine',4),(14,'http://localhost:3000/City_SMT_Img3.jpg','Sainte-Maure de Touraine','Sainte–Maure de Touraine\'s greeters ',4),(15,'http://localhost:3000/City_Chinon_Img2.jpg','Forteresse de Chinon','The royal fortress of Chinon',5),(16,'http://localhost:3000/City_Chinon_Img3.jpg','Bords de Vienne à Chinon','The banks of the Vienne River',5),(17,'http://localhost:3000/City_Chinon_Img4.jpg','Rue médiévale fleurie','The medieval street flowery',5),(18,'http://localhost:3000/City_Chinon_Img5.jpg','Quartier médiévale de Chinon','The medieval quarter of Chinon',5),(19,'http://localhost:3000/City_Rochecorbon_Img.jpg','La Lanterne de Rochecorbon','Rochecorbon',6),(20,'http://localhost:3000/City_Rochecorbon_Img2.jpg','Guinguette de Rochecorbon','Rochecorbon',6);

/************************************/
/* script pour créer la table value */
/************************************/

DROP TABLE IF EXISTS `value`;

CREATE TABLE `value` (
  `value_id` int NOT NULL AUTO_INCREMENT,
  `value_title1_fr` varchar(255) DEFAULT NULL,
  `value_title1_en` varchar(255) DEFAULT NULL,
  `value_title2_fr` varchar(255) DEFAULT NULL,
  `value_title2_en` varchar(255) DEFAULT NULL,
  `value_photo` varchar(255) DEFAULT NULL,
  `value_content_fr` text DEFAULT NULL,
  `value_content_en` text DEFAULT NULL,
  PRIMARY KEY (`value_id`)
) ENGINE=InnoDB AUTO_INCREMENT=2 DEFAULT CHARSET=utf8mb4 COLLATE=utf8mb4_0900_ai_ci;

INSERT INTO `value` VALUES (1,'Nos valeurs','Core values','6 valeurs fondamentales communes','6 common fundamental values',NULL,'Tous les programmes Greeters du monde, membres du réseau international Global Greeters Network, partagent des valeurs fondamentales communes. Ces six valeurs doivent être respectées pour faire partie du GGN. Elles sont reprises intégralement au cœur du fonctionnement de chaque organisation :\n\nLes Greeters sont bénévoles, ils sont un visage amical de la destination pour le(s)visiteur(s).\n\nLes Greeters accueillent des individuels et des groupes jusqu’à 6 personnes (famille ou amis).\n\nLa rencontre avec un Greeter est entièrement gratuite. Toutefois, certaines organisations à but non lucratif acceptent des donations qui contribuent à leur fonctionnement.\n\nLes Greeters accueillent toute personne, visiteur et bénévole, sans aucune discrimination.\n\nLes réseaux de Greeters s’inscrivent dans une démarche de tourisme durable respectant l’environnement et l’Homme. Ils participent à l’enrichissement culturel et économique des communautés locales et contribuent à donner une image positive de la destination.\n\nLes réseaux de Greeters favorisent l’enrichissement mutuel et les échanges culturels entre individus pour un monde meilleur.\n\nLa rencontre et le partage entre visiteurs et habitants permettent de comprendre les différences culturelles. Ils agissent comme éléments de cohésion entre les hommes.','All the Greeters Programms of the World, members of the International « Global Greeters Network » share common fundamental values.\n\nThose 6 values have to be fully respected to be part of the GGN. They are at the very heart of each organisation.\n\nThe meeting and the sharing between  visitors and local residents do help in understanding cultural differences and act as elements of cohesion between people.\n\nAll Greeters and Greeter destinations share the same core values:\n\nGreeters are volunteers, a friendly face for those visiting a city/destination\nGreeters welcome individuals and may serve small groups of up to six people\nMeeting a Greeter is free of charge\nVisitors are welcomed without any kind of discrimination\nGreeter programs support sustainable tourism. Programs respect natural and man-made environments, it brings both cultural and economical enrichment to the local communities. Programs aim for a lasting positive image of each destination.\nGreeter programs create a mutually enriching opportunity for cultural exchange, create links between people thus creating a better world.');

/*****************************************************************/
